onset	duration	sample	type	value
0	5.04	1	trial	n/a
0.337	0.001	338	Stimulus	222
0.853	0.001	854	Stimulus	222
1.87	0.001	1871	Stimulus	127
5.04	5.04	5041	trial	n/a
5.377	0.001	5378	Stimulus	222
5.894	0.001	5895	Stimulus	222
6.91	0.001	6911	Stimulus	38
10.08	5.04	10081	trial	n/a
10.416	0.001	10417	Stimulus	222
10.933	0.001	10934	Stimulus	222
11.95	0.001	11951	Stimulus	34
15.12	5.04	15121	trial	n/a
15.456	0.001	15457	Stimulus	222
15.973	0.001	15974	Stimulus	222
16.99	0.001	16991	Stimulus	132
20.16	5.04	20161	trial	n/a
20.496	0.001	20497	Stimulus	222
21.013	0.001	21014	Stimulus	222
22.03	0.001	22031	Stimulus	123
25.2	5.04	25201	trial	n/a
25.537	0.001	25538	Stimulus	222
26.054	0.001	26055	Stimulus	222
27.07	0.001	27071	Stimulus	41
30.24	5.04	30241	trial	n/a
30.543	0.001	30544	Stimulus	222
31.06	0.001	31061	Stimulus	222
32.11	0.001	32111	Stimulus	37
35.28	5.04	35281	trial	n/a
35.616	0.001	35617	Stimulus	222
36.133	0.001	36134	Stimulus	222
37.15	0.001	37151	Stimulus	129
40.32	5.04	40321	trial	n/a
40.589	0.001	40590	Stimulus	222
41.106	0.001	41107	Stimulus	222
42.19	0.001	42191	Stimulus	128
45.36	5.04	45361	trial	n/a
45.63	0.001	45631	Stimulus	222
46.147	0.001	46148	Stimulus	222
47.23	0.001	47231	Stimulus	130
50.4	5.04	50401	trial	n/a
50.72	0.001	50721	Stimulus	222
51.236	0.001	51237	Stimulus	222
52.27	0.001	52271	Stimulus	40
55.44	5.04	55441	trial	n/a
55.776	0.001	55777	Stimulus	222
56.293	0.001	56294	Stimulus	222
57.31	0.001	57311	Stimulus	42
60.48	5.04	60481	trial	n/a
60.816	0.001	60817	Stimulus	222
61.333	0.001	61334	Stimulus	222
62.35	0.001	62351	Stimulus	125
65.52	5.04	65521	trial	n/a
65.856	0.001	65857	Stimulus	222
66.373	0.001	66374	Stimulus	222
67.39	0.001	67391	Stimulus	122
70.56	5.04	70561	trial	n/a
70.88	0.001	70881	Stimulus	222
71.396	0.001	71397	Stimulus	222
72.43	0.001	72431	Stimulus	39
75.6	5.04	75601	trial	n/a
75.937	0.001	75938	Stimulus	222
76.454	0.001	76455	Stimulus	222
77.47	0.001	77471	Stimulus	131
80.64	5.04	80641	trial	n/a
80.977	0.001	80978	Stimulus	222
81.494	0.001	81495	Stimulus	222
82.51	0.001	82511	Stimulus	124
85.68	5.04	85681	trial	n/a
86.017	0.001	86018	Stimulus	222
86.534	0.001	86535	Stimulus	222
87.55	0.001	87551	Stimulus	36
90.72	5.04	90721	trial	n/a
90.989	0.001	90990	Stimulus	222
91.506	0.001	91507	Stimulus	222
92.59	0.001	92591	Stimulus	35
95.76	5.04	95761	trial	n/a
96.096	0.001	96097	Stimulus	222
96.613	0.001	96614	Stimulus	222
97.63	0.001	97631	Stimulus	33
100.8	5.04	100801	trial	n/a
101.12	0.001	101121	Stimulus	222
101.637	0.001	101638	Stimulus	222
102.67	0.001	102671	Stimulus	126
105.84	5.04	105841	trial	n/a
106.176	0.001	106177	Stimulus	222
106.693	0.001	106694	Stimulus	222
107.71	0.001	107711	Stimulus	120
110.88	5.04	110881	trial	n/a
111.217	0.001	111218	Stimulus	222
111.734	0.001	111735	Stimulus	222
112.75	0.001	112751	Stimulus	2
115.92	5.04	115921	trial	n/a
116.256	0.001	116257	Stimulus	222
116.773	0.001	116774	Stimulus	222
117.79	0.001	117791	Stimulus	1
120.96	5.04	120961	trial	n/a
121.297	0.001	121298	Stimulus	222
121.813	0.001	121814	Stimulus	222
122.83	0.001	122831	Stimulus	114
126	5.04	126001	trial	n/a
126.304	0.001	126305	Stimulus	222
126.82	0.001	126821	Stimulus	222
127.87	0.001	127871	Stimulus	7
131.04	5.04	131041	trial	n/a
131.377	0.001	131378	Stimulus	222
131.961	0.001	131962	Stimulus	222
132.91	0.001	132911	Stimulus	112
136.08	5.04	136081	trial	n/a
136.4	0.001	136401	Stimulus	222
136.917	0.001	136918	Stimulus	222
137.95	0.001	137951	Stimulus	6
141.12	5.04	141121	trial	n/a
141.457	0.001	141458	Stimulus	222
141.973	0.001	141974	Stimulus	222
142.99	0.001	142991	Stimulus	8
146.16	5.04	146161	trial	n/a
146.497	0.001	146498	Stimulus	222
147.013	0.001	147014	Stimulus	222
148.03	0.001	148031	Stimulus	113
151.2	5.04	151201	trial	n/a
151.537	0.001	151538	Stimulus	222
152.053	0.001	152054	Stimulus	222
153.07	0.001	153071	Stimulus	9
156.24	5.04	156241	trial	n/a
156.577	0.001	156578	Stimulus	222
157.093	0.001	157094	Stimulus	222
158.11	0.001	158111	Stimulus	3
161.28	5.04	161281	trial	n/a
161.583	0.001	161584	Stimulus	222
162.1	0.001	162101	Stimulus	222
163.15	0.001	163151	Stimulus	4
166.32	5.04	166321	trial	n/a
166.657	0.001	166658	Stimulus	222
167.173	0.001	167174	Stimulus	222
168.19	0.001	168191	Stimulus	117
171.36	5.04	171361	trial	n/a
171.629	0.001	171630	Stimulus	222
172.146	0.001	172147	Stimulus	222
173.23	0.001	173231	Stimulus	118
176.4	5.04	176401	trial	n/a
176.737	0.001	176738	Stimulus	222
177.253	0.001	177254	Stimulus	222
178.27	0.001	178271	Stimulus	116
181.44	5.04	181441	trial	n/a
181.776	0.001	181777	Stimulus	222
182.293	0.001	182294	Stimulus	222
183.31	0.001	183311	Stimulus	115
186.48	5.04	186481	trial	n/a
186.817	0.001	186818	Stimulus	222
187.334	0.001	187335	Stimulus	222
188.35	0.001	188351	Stimulus	121
191.52	5.04	191521	trial	n/a
191.807	0.001	191808	Stimulus	222
192.324	0.001	192325	Stimulus	222
193.39	0.001	193391	Stimulus	10
196.56	5.04	196561	trial	n/a
196.896	0.001	196897	Stimulus	222
197.413	0.001	197414	Stimulus	222
198.43	0.001	198431	Stimulus	111
201.6	5.04	201601	trial	n/a
201.936	0.001	201937	Stimulus	222
202.453	0.001	202454	Stimulus	222
203.47	0.001	203471	Stimulus	119
206.64	5.04	206641	trial	n/a
206.977	0.001	206978	Stimulus	222
207.494	0.001	207495	Stimulus	222
208.51	0.001	208511	Stimulus	5
211.68	5.04	211681	trial	n/a
212.016	0.001	212017	Stimulus	222
212.533	0.001	212534	Stimulus	222
213.55	0.001	213551	Stimulus	137
216.72	5.04	216721	trial	n/a
217.057	0.001	217058	Stimulus	222
217.574	0.001	217575	Stimulus	222
218.59	0.001	218591	Stimulus	141
221.76	5.04	221761	trial	n/a
222.08	0.001	222081	Stimulus	222
222.597	0.001	222598	Stimulus	222
223.63	0.001	223631	Stimulus	24
226.8	5.04	226801	trial	n/a
227.136	0.001	227137	Stimulus	222
227.653	0.001	227654	Stimulus	222
228.67	0.001	228671	Stimulus	139
231.84	5.04	231841	trial	n/a
232.176	0.001	232177	Stimulus	222
232.693	0.001	232694	Stimulus	222
233.71	0.001	233711	Stimulus	26
236.88	5.04	236881	trial	n/a
237.217	0.001	237218	Stimulus	222
237.734	0.001	237735	Stimulus	222
238.75	0.001	238751	Stimulus	140
241.92	5.04	241921	trial	n/a
242.257	0.001	242258	Stimulus	222
242.773	0.001	242774	Stimulus	222
243.79	0.001	243791	Stimulus	22
246.96	5.04	246961	trial	n/a
247.247	0.001	247248	Stimulus	222
247.763	0.001	247764	Stimulus	222
248.83	0.001	248831	Stimulus	142
252	5.04	252001	trial	n/a
252.337	0.001	252338	Stimulus	222
252.853	0.001	252854	Stimulus	222
253.87	0.001	253871	Stimulus	27
257.04	5.04	257041	trial	n/a
257.343	0.001	257344	Stimulus	222
257.86	0.001	257861	Stimulus	222
258.91	0.001	258911	Stimulus	133
262.08	5.04	262081	trial	n/a
262.416	0.001	262417	Stimulus	222
262.933	0.001	262934	Stimulus	222
263.95	0.001	263951	Stimulus	29
267.12	5.04	267121	trial	n/a
267.389	0.001	267390	Stimulus	222
267.906	0.001	267907	Stimulus	222
268.99	0.001	268991	Stimulus	25
272.16	5.04	272161	trial	n/a
272.429	0.001	272430	Stimulus	222
272.946	0.001	272947	Stimulus	222
274.03	0.001	274031	Stimulus	138
277.2	5.04	277201	trial	n/a
277.537	0.001	277538	Stimulus	222
278.053	0.001	278054	Stimulus	222
279.07	0.001	279071	Stimulus	136
282.24	5.04	282241	trial	n/a
282.576	0.001	282577	Stimulus	222
283.093	0.001	283094	Stimulus	222
284.11	0.001	284111	Stimulus	31
287.28	5.04	287281	trial	n/a
287.617	0.001	287618	Stimulus	222
288.134	0.001	288135	Stimulus	222
289.15	0.001	289151	Stimulus	135
292.32	5.04	292321	trial	n/a
292.623	0.001	292624	Stimulus	222
293.14	0.001	293141	Stimulus	222
294.19	0.001	294191	Stimulus	32
297.36	5.04	297361	trial	n/a
297.696	0.001	297697	Stimulus	222
298.213	0.001	298214	Stimulus	222
299.23	0.001	299231	Stimulus	28
302.4	5.04	302401	trial	n/a
302.686	0.001	302687	Stimulus	222
303.203	0.001	303204	Stimulus	222
304.27	0.001	304271	Stimulus	23
307.44	5.04	307441	trial	n/a
307.777	0.001	307778	Stimulus	222
308.294	0.001	308295	Stimulus	222
309.31	0.001	309311	Stimulus	30
312.48	5.04	312481	trial	n/a
312.817	0.001	312818	Stimulus	222
313.333	0.001	313334	Stimulus	222
314.35	0.001	314351	Stimulus	134
317.52	5.04	317521	trial	n/a
317.856	0.001	317857	Stimulus	222
318.373	0.001	318374	Stimulus	222
319.39	0.001	319391	Stimulus	103
322.56	5.04	322561	trial	n/a
322.897	0.001	322898	Stimulus	222
323.414	0.001	323415	Stimulus	222
324.43	0.001	324431	Stimulus	110
327.6	5.04	327601	trial	n/a
327.937	0.001	327938	Stimulus	222
328.454	0.001	328455	Stimulus	222
329.47	0.001	329471	Stimulus	109
332.64	5.04	332641	trial	n/a
332.977	0.001	332978	Stimulus	222
333.493	0.001	333494	Stimulus	222
334.51	0.001	334511	Stimulus	13
337.68	5.04	337681	trial	n/a
338.017	0.001	338018	Stimulus	222
338.533	0.001	338534	Stimulus	222
339.55	0.001	339551	Stimulus	101
342.72	5.04	342721	trial	n/a
342.99	0.001	342991	Stimulus	222
343.507	0.001	343508	Stimulus	222
344.59	0.001	344591	Stimulus	12
347.76	5.04	347761	trial	n/a
348.097	0.001	348098	Stimulus	222
348.613	0.001	348614	Stimulus	222
349.63	0.001	349631	Stimulus	104
352.8	5.04	352801	trial	n/a
353.137	0.001	353138	Stimulus	222
353.653	0.001	353654	Stimulus	222
354.67	0.001	354671	Stimulus	17
357.84	5.04	357841	trial	n/a
358.177	0.001	358178	Stimulus	222
358.693	0.001	358694	Stimulus	222
359.71	0.001	359711	Stimulus	15
362.88	5.04	362881	trial	n/a
363.217	0.001	363218	Stimulus	222
363.734	0.001	363735	Stimulus	222
364.75	0.001	364751	Stimulus	14
367.92	5.04	367921	trial	n/a
368.256	0.001	368257	Stimulus	222
368.773	0.001	368774	Stimulus	222
369.79	0.001	369791	Stimulus	105
372.96	5.04	372961	trial	n/a
373.297	0.001	373298	Stimulus	222
373.813	0.001	373814	Stimulus	222
374.83	0.001	374831	Stimulus	19
378	5.04	378001	trial	n/a
378.336	0.001	378337	Stimulus	222
378.853	0.001	378854	Stimulus	222
379.87	0.001	379871	Stimulus	108
383.04	5.04	383041	trial	n/a
383.377	0.001	383378	Stimulus	222
383.893	0.001	383894	Stimulus	222
384.91	0.001	384911	Stimulus	21
388.08	5.04	388081	trial	n/a
388.366	0.001	388367	Stimulus	222
388.883	0.001	388884	Stimulus	222
389.95	0.001	389951	Stimulus	11
393.12	5.04	393121	trial	n/a
393.457	0.001	393458	Stimulus	222
393.974	0.001	393975	Stimulus	222
394.99	0.001	394991	Stimulus	107
398.16	5.04	398161	trial	n/a
398.429	0.001	398430	Stimulus	222
398.946	0.001	398947	Stimulus	222
400.03	0.001	400031	Stimulus	16
403.2	5.04	403201	trial	n/a
403.537	0.001	403538	Stimulus	222
404.053	0.001	404054	Stimulus	222
405.07	0.001	405071	Stimulus	18
408.24	5.04	408241	trial	n/a
408.576	0.001	408577	Stimulus	222
409.093	0.001	409094	Stimulus	222
410.11	0.001	410111	Stimulus	102
413.28	5.04	413281	trial	n/a
413.617	0.001	413618	Stimulus	222
414.134	0.001	414135	Stimulus	222
415.15	0.001	415151	Stimulus	106
418.32	5.04	418321	trial	n/a
418.656	0.001	418657	Stimulus	222
419.173	0.001	419174	Stimulus	222
420.19	0.001	420191	Stimulus	20
423.36	5.04	423361	trial	n/a
423.48	0.001	423481	Stimulus	223
423.997	0.001	423998	Stimulus	223
425.23	0.001	425231	Stimulus	119
428.4	5.04	428401	trial	n/a
428.52	0.001	428521	Stimulus	223
429.037	0.001	429038	Stimulus	223
430.27	0.001	430271	Stimulus	121
433.44	5.04	433441	trial	n/a
433.56	0.001	433561	Stimulus	223
434.077	0.001	434078	Stimulus	223
435.31	0.001	435311	Stimulus	116
438.48	5.04	438481	trial	n/a
438.6	0.001	438601	Stimulus	223
439.117	0.001	439118	Stimulus	223
440.35	0.001	440351	Stimulus	5
443.52	5.04	443521	trial	n/a
443.64	0.001	443641	Stimulus	223
444.156	0.001	444157	Stimulus	223
445.39	0.001	445391	Stimulus	4
448.56	5.04	448561	trial	n/a
448.68	0.001	448681	Stimulus	223
449.197	0.001	449198	Stimulus	223
450.43	0.001	450431	Stimulus	10
453.6	5.04	453601	trial	n/a
453.72	0.001	453721	Stimulus	223
454.237	0.001	454238	Stimulus	223
455.47	0.001	455471	Stimulus	7
458.64	5.04	458641	trial	n/a
458.76	0.001	458761	Stimulus	223
459.276	0.001	459277	Stimulus	223
460.51	0.001	460511	Stimulus	6
463.68	5.04	463681	trial	n/a
463.8	0.001	463801	Stimulus	223
464.317	0.001	464318	Stimulus	223
465.55	0.001	465551	Stimulus	115
468.72	5.04	468721	trial	n/a
468.84	0.001	468841	Stimulus	223
469.357	0.001	469358	Stimulus	223
470.59	0.001	470591	Stimulus	9
473.76	5.04	473761	trial	n/a
473.88	0.001	473881	Stimulus	223
474.397	0.001	474398	Stimulus	223
475.63	0.001	475631	Stimulus	112
478.8	5.04	478801	trial	n/a
478.92	0.001	478921	Stimulus	223
479.436	0.001	479437	Stimulus	223
480.67	0.001	480671	Stimulus	2
483.84	5.04	483841	trial	n/a
483.927	0.001	483928	Stimulus	223
484.443	0.001	484444	Stimulus	223
485.71	0.001	485711	Stimulus	117
488.88	5.04	488881	trial	n/a
489	0.001	489001	Stimulus	223
489.516	0.001	489517	Stimulus	223
490.75	0.001	490751	Stimulus	120
493.92	5.04	493921	trial	n/a
494.04	0.001	494041	Stimulus	223
494.556	0.001	494557	Stimulus	223
495.79	0.001	495791	Stimulus	3
498.96	5.04	498961	trial	n/a
499.08	0.001	499081	Stimulus	223
499.597	0.001	499598	Stimulus	223
500.83	0.001	500831	Stimulus	113
504	5.04	504001	trial	n/a
504.12	0.001	504121	Stimulus	223
504.636	0.001	504637	Stimulus	223
505.87	0.001	505871	Stimulus	111
509.04	5.04	509041	trial	n/a
509.16	0.001	509161	Stimulus	223
509.677	0.001	509678	Stimulus	223
510.91	0.001	510911	Stimulus	118
514.08	5.04	514081	trial	n/a
514.2	0.001	514201	Stimulus	223
514.717	0.001	514718	Stimulus	223
515.95	0.001	515951	Stimulus	8
519.12	5.04	519121	trial	n/a
519.24	0.001	519241	Stimulus	223
519.757	0.001	519758	Stimulus	223
520.99	0.001	520991	Stimulus	114
524.16	5.04	524161	trial	n/a
524.28	0.001	524281	Stimulus	223
524.796	0.001	524797	Stimulus	223
526.03	0.001	526031	Stimulus	1
529.2	5.04	529201	trial	n/a
529.32	0.001	529321	Stimulus	223
529.836	0.001	529837	Stimulus	223
531.07	0.001	531071	Stimulus	142
534.24	5.04	534241	trial	n/a
534.36	0.001	534361	Stimulus	223
534.877	0.001	534878	Stimulus	223
536.11	0.001	536111	Stimulus	140
539.28	5.04	539281	trial	n/a
539.4	0.001	539401	Stimulus	223
539.917	0.001	539918	Stimulus	223
541.15	0.001	541151	Stimulus	26
544.32	5.04	544321	trial	n/a
544.44	0.001	544441	Stimulus	223
544.956	0.001	544957	Stimulus	223
546.19	0.001	546191	Stimulus	30
549.36	5.04	549361	trial	n/a
549.48	0.001	549481	Stimulus	223
549.997	0.001	549998	Stimulus	223
551.23	0.001	551231	Stimulus	23
554.4	5.04	554401	trial	n/a
554.52	0.001	554521	Stimulus	223
555.037	0.001	555038	Stimulus	223
556.27	0.001	556271	Stimulus	136
559.44	5.04	559441	trial	n/a
559.543	0.001	559544	Stimulus	223
560.06	0.001	560061	Stimulus	223
561.31	0.001	561311	Stimulus	25
564.48	5.04	564481	trial	n/a
564.6	0.001	564601	Stimulus	223
565.117	0.001	565118	Stimulus	223
566.35	0.001	566351	Stimulus	32
569.52	5.04	569521	trial	n/a
569.64	0.001	569641	Stimulus	223
570.156	0.001	570157	Stimulus	223
571.39	0.001	571391	Stimulus	133
574.56	5.04	574561	trial	n/a
574.68	0.001	574681	Stimulus	223
575.197	0.001	575198	Stimulus	223
576.43	0.001	576431	Stimulus	22
579.6	5.04	579601	trial	n/a
579.703	0.001	579704	Stimulus	223
580.22	0.001	580221	Stimulus	223
581.47	0.001	581471	Stimulus	29
584.64	5.04	584641	trial	n/a
584.726	0.001	584727	Stimulus	223
585.243	0.001	585244	Stimulus	223
586.51	0.001	586511	Stimulus	141
589.68	5.04	589681	trial	n/a
589.8	0.001	589801	Stimulus	223
590.317	0.001	590318	Stimulus	223
591.55	0.001	591551	Stimulus	138
594.72	5.04	594721	trial	n/a
594.84	0.001	594841	Stimulus	223
595.357	0.001	595358	Stimulus	223
596.59	0.001	596591	Stimulus	31
599.76	5.04	599761	trial	n/a
599.88	0.001	599881	Stimulus	223
600.396	0.001	600397	Stimulus	223
601.63	0.001	601631	Stimulus	28
604.8	5.04	604801	trial	n/a
604.92	0.001	604921	Stimulus	223
605.436	0.001	605437	Stimulus	223
606.67	0.001	606671	Stimulus	135
609.84	5.04	609841	trial	n/a
609.96	0.001	609961	Stimulus	223
610.477	0.001	610478	Stimulus	223
611.71	0.001	611711	Stimulus	137
614.88	5.04	614881	trial	n/a
615	0.001	615001	Stimulus	223
615.516	0.001	615517	Stimulus	223
616.75	0.001	616751	Stimulus	27
619.92	5.04	619921	trial	n/a
620.04	0.001	620041	Stimulus	223
620.556	0.001	620557	Stimulus	223
621.79	0.001	621791	Stimulus	134
624.96	5.04	624961	trial	n/a
625.08	0.001	625081	Stimulus	223
625.597	0.001	625598	Stimulus	223
626.83	0.001	626831	Stimulus	24
630	5.04	630001	trial	n/a
630.12	0.001	630121	Stimulus	223
630.636	0.001	630637	Stimulus	223
631.87	0.001	631871	Stimulus	139
635.04	5.04	635041	trial	n/a
635.16	0.001	635161	Stimulus	223
635.677	0.001	635678	Stimulus	223
636.91	0.001	636911	Stimulus	11
640.08	5.04	640081	trial	n/a
640.2	0.001	640201	Stimulus	223
640.717	0.001	640718	Stimulus	223
641.95	0.001	641951	Stimulus	16
645.12	5.04	645121	trial	n/a
645.24	0.001	645241	Stimulus	223
645.757	0.001	645758	Stimulus	223
646.99	0.001	646991	Stimulus	15
650.16	5.04	650161	trial	n/a
650.28	0.001	650281	Stimulus	223
650.797	0.001	650798	Stimulus	223
652.03	0.001	652031	Stimulus	101
655.2	5.04	655201	trial	n/a
655.304	0.001	655305	Stimulus	223
655.82	0.001	655821	Stimulus	223
657.07	0.001	657071	Stimulus	20
660.24	5.04	660241	trial	n/a
660.344	0.001	660345	Stimulus	223
660.86	0.001	660861	Stimulus	223
662.11	0.001	662111	Stimulus	107
665.28	5.04	665281	trial	n/a
665.4	0.001	665401	Stimulus	223
665.916	0.001	665917	Stimulus	223
667.15	0.001	667151	Stimulus	17
670.32	5.04	670321	trial	n/a
670.44	0.001	670441	Stimulus	223
670.957	0.001	670958	Stimulus	223
672.19	0.001	672191	Stimulus	14
675.36	5.04	675361	trial	n/a
675.48	0.001	675481	Stimulus	223
675.996	0.001	675997	Stimulus	223
677.23	0.001	677231	Stimulus	106
680.4	5.04	680401	trial	n/a
680.52	0.001	680521	Stimulus	223
681.036	0.001	681037	Stimulus	223
682.27	0.001	682271	Stimulus	105
685.44	5.04	685441	trial	n/a
685.56	0.001	685561	Stimulus	223
686.077	0.001	686078	Stimulus	223
687.31	0.001	687311	Stimulus	108
690.48	5.04	690481	trial	n/a
690.6	0.001	690601	Stimulus	223
691.117	0.001	691118	Stimulus	223
692.35	0.001	692351	Stimulus	13
695.52	5.04	695521	trial	n/a
695.64	0.001	695641	Stimulus	223
696.157	0.001	696158	Stimulus	223
697.39	0.001	697391	Stimulus	109
700.56	5.04	700561	trial	n/a
700.68	0.001	700681	Stimulus	223
701.197	0.001	701198	Stimulus	223
702.43	0.001	702431	Stimulus	21
705.6	5.04	705601	trial	n/a
705.686	0.001	705687	Stimulus	223
706.203	0.001	706204	Stimulus	223
707.47	0.001	707471	Stimulus	102
710.64	5.04	710641	trial	n/a
710.76	0.001	710761	Stimulus	223
711.276	0.001	711277	Stimulus	223
712.51	0.001	712511	Stimulus	103
715.68	5.04	715681	trial	n/a
715.783	0.001	715784	Stimulus	223
716.3	0.001	716301	Stimulus	223
717.55	0.001	717551	Stimulus	19
720.72	5.04	720721	trial	n/a
720.84	0.001	720841	Stimulus	223
721.357	0.001	721358	Stimulus	223
722.59	0.001	722591	Stimulus	12
725.76	5.04	725761	trial	n/a
725.88	0.001	725881	Stimulus	223
726.396	0.001	726397	Stimulus	223
727.63	0.001	727631	Stimulus	110
730.8	5.04	730801	trial	n/a
730.92	0.001	730921	Stimulus	223
731.436	0.001	731437	Stimulus	223
732.67	0.001	732671	Stimulus	18
735.84	5.04	735841	trial	n/a
735.96	0.001	735961	Stimulus	223
736.477	0.001	736478	Stimulus	223
737.71	0.001	737711	Stimulus	104
740.88	5.04	740881	trial	n/a
740.967	0.001	740968	Stimulus	223
741.483	0.001	741484	Stimulus	223
742.75	0.001	742751	Stimulus	40
745.92	5.04	745921	trial	n/a
746.04	0.001	746041	Stimulus	223
746.557	0.001	746558	Stimulus	223
747.79	0.001	747791	Stimulus	39
750.96	5.04	750961	trial	n/a
751.08	0.001	751081	Stimulus	223
751.597	0.001	751598	Stimulus	223
752.83	0.001	752831	Stimulus	131
756	5.04	756001	trial	n/a
756.12	0.001	756121	Stimulus	223
756.637	0.001	756638	Stimulus	223
757.87	0.001	757871	Stimulus	122
761.04	5.04	761041	trial	n/a
761.16	0.001	761161	Stimulus	223
761.677	0.001	761678	Stimulus	223
762.91	0.001	762911	Stimulus	127
766.08	5.04	766081	trial	n/a
766.2	0.001	766201	Stimulus	223
766.716	0.001	766717	Stimulus	223
767.95	0.001	767951	Stimulus	129
771.12	5.04	771121	trial	n/a
771.24	0.001	771241	Stimulus	223
771.757	0.001	771758	Stimulus	223
772.99	0.001	772991	Stimulus	37
776.16	5.04	776161	trial	n/a
776.28	0.001	776281	Stimulus	223
776.796	0.001	776797	Stimulus	223
778.03	0.001	778031	Stimulus	38
781.2	5.04	781201	trial	n/a
781.32	0.001	781321	Stimulus	223
781.837	0.001	781838	Stimulus	223
783.07	0.001	783071	Stimulus	34
786.24	5.04	786241	trial	n/a
786.36	0.001	786361	Stimulus	223
786.877	0.001	786878	Stimulus	223
788.11	0.001	788111	Stimulus	41
791.28	5.04	791281	trial	n/a
791.4	0.001	791401	Stimulus	223
791.917	0.001	791918	Stimulus	223
793.15	0.001	793151	Stimulus	128
796.32	5.04	796321	trial	n/a
796.44	0.001	796441	Stimulus	223
796.957	0.001	796958	Stimulus	223
798.19	0.001	798191	Stimulus	33
801.36	5.04	801361	trial	n/a
801.48	0.001	801481	Stimulus	223
801.997	0.001	801998	Stimulus	223
803.23	0.001	803231	Stimulus	123
806.4	5.04	806401	trial	n/a
806.52	0.001	806521	Stimulus	223
807.036	0.001	807037	Stimulus	223
808.27	0.001	808271	Stimulus	124
811.44	5.04	811441	trial	n/a
811.56	0.001	811561	Stimulus	223
812.077	0.001	812078	Stimulus	223
813.31	0.001	813311	Stimulus	36
816.48	5.04	816481	trial	n/a
816.6	0.001	816601	Stimulus	223
817.117	0.001	817118	Stimulus	223
818.35	0.001	818351	Stimulus	132
821.52	5.04	821521	trial	n/a
821.64	0.001	821641	Stimulus	223
822.157	0.001	822158	Stimulus	223
823.39	0.001	823391	Stimulus	42
826.56	5.04	826561	trial	n/a
826.68	0.001	826681	Stimulus	223
827.197	0.001	827198	Stimulus	223
828.43	0.001	828431	Stimulus	130
831.6	5.04	831601	trial	n/a
831.72	0.001	831721	Stimulus	223
832.236	0.001	832237	Stimulus	223
833.47	0.001	833471	Stimulus	125
836.64	5.04	836641	trial	n/a
836.76	0.001	836761	Stimulus	223
837.277	0.001	837278	Stimulus	223
838.51	0.001	838511	Stimulus	126
841.68	5.04	841681	trial	n/a
841.75	0.001	841751	Stimulus	223
842.266	0.001	842267	Stimulus	223
843.55	0.001	843551	Stimulus	35
846.72	5.04	846721	trial	n/a
846.874	0.001	846875	Stimulus	221
848.59	0.001	848591	Stimulus	125
851.76	5.04	851761	trial	n/a
851.981	0.001	851982	Stimulus	221
853.63	0.001	853631	Stimulus	37
856.8	5.04	856801	trial	n/a
856.954	0.001	856955	Stimulus	221
858.67	0.001	858671	Stimulus	38
861.84	5.04	861841	trial	n/a
861.993	0.001	861994	Stimulus	221
863.71	0.001	863711	Stimulus	126
866.88	5.04	866881	trial	n/a
867.033	0.001	867034	Stimulus	221
868.75	0.001	868751	Stimulus	42
871.92	5.04	871921	trial	n/a
872.073	0.001	872074	Stimulus	221
873.79	0.001	873791	Stimulus	127
876.96	5.04	876961	trial	n/a
877.113	0.001	877114	Stimulus	221
878.83	0.001	878831	Stimulus	128
882	5.04	882001	trial	n/a
882.153	0.001	882154	Stimulus	221
883.87	0.001	883871	Stimulus	130
887.04	5.04	887041	trial	n/a
887.194	0.001	887195	Stimulus	221
888.91	0.001	888911	Stimulus	41
892.08	5.04	892081	trial	n/a
892.233	0.001	892234	Stimulus	221
893.95	0.001	893951	Stimulus	132
897.12	5.04	897121	trial	n/a
897.341	0.001	897342	Stimulus	221
898.99	0.001	898991	Stimulus	123
902.16	5.04	902161	trial	n/a
902.313	0.001	902314	Stimulus	221
904.03	0.001	904031	Stimulus	122
907.2	5.04	907201	trial	n/a
907.354	0.001	907355	Stimulus	221
909.07	0.001	909071	Stimulus	35
912.24	5.04	912241	trial	n/a
912.393	0.001	912394	Stimulus	221
914.11	0.001	914111	Stimulus	33
917.28	5.04	917281	trial	n/a
917.433	0.001	917434	Stimulus	221
919.15	0.001	919151	Stimulus	39
922.32	5.04	922321	trial	n/a
922.473	0.001	922474	Stimulus	221
924.19	0.001	924191	Stimulus	131
927.36	5.04	927361	trial	n/a
927.513	0.001	927514	Stimulus	221
929.23	0.001	929231	Stimulus	129
932.4	5.04	932401	trial	n/a
932.621	0.001	932622	Stimulus	221
934.27	0.001	934271	Stimulus	40
937.44	5.04	937441	trial	n/a
937.526	0.001	937527	Stimulus	221
939.31	0.001	939311	Stimulus	34
942.48	5.04	942481	trial	n/a
942.583	0.001	942584	Stimulus	221
944.35	0.001	944351	Stimulus	124
947.52	5.04	947521	trial	n/a
947.673	0.001	947674	Stimulus	221
949.39	0.001	949391	Stimulus	36
952.56	5.04	952561	trial	n/a
952.714	0.001	952715	Stimulus	221
954.43	0.001	954431	Stimulus	119
957.6	5.04	957601	trial	n/a
957.788	0.001	957789	Stimulus	221
959.47	0.001	959471	Stimulus	113
962.64	5.04	962641	trial	n/a
962.777	0.001	962778	Stimulus	221
964.51	0.001	964511	Stimulus	116
967.68	5.04	967681	trial	n/a
967.833	0.001	967834	Stimulus	221
969.55	0.001	969551	Stimulus	9
972.72	5.04	972721	trial	n/a
972.873	0.001	972874	Stimulus	221
974.59	0.001	974591	Stimulus	1
977.76	5.04	977761	trial	n/a
977.913	0.001	977914	Stimulus	221
979.63	0.001	979631	Stimulus	7
982.8	5.04	982801	trial	n/a
982.953	0.001	982954	Stimulus	221
984.67	0.001	984671	Stimulus	6
987.84	5.04	987841	trial	n/a
987.993	0.001	987994	Stimulus	221
989.71	0.001	989711	Stimulus	112
992.88	5.04	992881	trial	n/a
993.033	0.001	993034	Stimulus	221
994.75	0.001	994751	Stimulus	5
997.92	5.04	997921	trial	n/a
998.074	0.001	998075	Stimulus	221
999.79	0.001	999791	Stimulus	120
1002.96	5.04	1002961	trial	n/a
1003.113	0.001	1003114	Stimulus	221
1004.83	0.001	1004831	Stimulus	10
1008	5.04	1008001	trial	n/a
1008.154	0.001	1008155	Stimulus	221
1009.87	0.001	1009871	Stimulus	3
1013.04	5.04	1013041	trial	n/a
1013.193	0.001	1013194	Stimulus	221
1014.91	0.001	1014911	Stimulus	118
1018.08	5.04	1018081	trial	n/a
1018.233	0.001	1018234	Stimulus	221
1019.95	0.001	1019951	Stimulus	4
1023.12	5.04	1023121	trial	n/a
1023.273	0.001	1023274	Stimulus	221
1024.99	0.001	1024991	Stimulus	115
1028.16	5.04	1028161	trial	n/a
1028.313	0.001	1028314	Stimulus	221
1030.03	0.001	1030031	Stimulus	2
1033.2	5.04	1033201	trial	n/a
1033.353	0.001	1033354	Stimulus	221
1035.07	0.001	1035071	Stimulus	114
1038.24	5.04	1038241	trial	n/a
1038.327	0.001	1038328	Stimulus	221
1040.11	0.001	1040111	Stimulus	121
1043.28	5.04	1043281	trial	n/a
1043.417	0.001	1043418	Stimulus	221
1045.15	0.001	1045151	Stimulus	111
1048.32	5.04	1048321	trial	n/a
1048.473	0.001	1048474	Stimulus	221
1050.19	0.001	1050191	Stimulus	117
1053.36	5.04	1053361	trial	n/a
1053.514	0.001	1053515	Stimulus	221
1055.23	0.001	1055231	Stimulus	8
1058.4	5.04	1058401	trial	n/a
1058.553	0.001	1058554	Stimulus	221
1060.27	0.001	1060271	Stimulus	136
1063.44	5.04	1063441	trial	n/a
1063.593	0.001	1063594	Stimulus	221
1065.31	0.001	1065311	Stimulus	133
1068.48	5.04	1068481	trial	n/a
1068.633	0.001	1068634	Stimulus	221
1070.35	0.001	1070351	Stimulus	137
1073.52	5.04	1073521	trial	n/a
1073.673	0.001	1073674	Stimulus	221
1075.39	0.001	1075391	Stimulus	27
1078.56	5.04	1078561	trial	n/a
1078.714	0.001	1078715	Stimulus	221
1080.43	0.001	1080431	Stimulus	28
1083.6	5.04	1083601	trial	n/a
1083.72	0.001	1083721	Stimulus	221
1085.47	0.001	1085471	Stimulus	138
1088.64	5.04	1088641	trial	n/a
1088.793	0.001	1088794	Stimulus	221
1090.51	0.001	1090511	Stimulus	25
1093.68	5.04	1093681	trial	n/a
1093.8	0.001	1093801	Stimulus	221
1095.55	0.001	1095551	Stimulus	29
1098.72	5.04	1098721	trial	n/a
1098.873	0.001	1098874	Stimulus	221
1100.59	0.001	1100591	Stimulus	22
1103.76	5.04	1103761	trial	n/a
1103.913	0.001	1103914	Stimulus	221
1105.63	0.001	1105631	Stimulus	139
1108.8	5.04	1108801	trial	n/a
1108.954	0.001	1108955	Stimulus	221
1110.67	0.001	1110671	Stimulus	24
1113.84	5.04	1113841	trial	n/a
1113.993	0.001	1113994	Stimulus	221
1115.71	0.001	1115711	Stimulus	140
1118.88	5.04	1118881	trial	n/a
1119.034	0.001	1119035	Stimulus	221
1120.75	0.001	1120751	Stimulus	31
1123.92	5.04	1123921	trial	n/a
1124.073	0.001	1124074	Stimulus	221
1125.79	0.001	1125791	Stimulus	23
1128.96	5.04	1128961	trial	n/a
1129.114	0.001	1129115	Stimulus	221
1130.83	0.001	1130831	Stimulus	30
1134	5.04	1134001	trial	n/a
1134.153	0.001	1134154	Stimulus	221
1135.87	0.001	1135871	Stimulus	142
1139.04	5.04	1139041	trial	n/a
1139.194	0.001	1139195	Stimulus	221
1140.91	0.001	1140911	Stimulus	134
1144.08	5.04	1144081	trial	n/a
1144.233	0.001	1144234	Stimulus	221
1145.95	0.001	1145951	Stimulus	135
1149.12	5.04	1149121	trial	n/a
1149.24	0.001	1149241	Stimulus	221
1150.99	0.001	1150991	Stimulus	32
1154.16	5.04	1154161	trial	n/a
1154.263	0.001	1154264	Stimulus	221
1156.03	0.001	1156031	Stimulus	141
1159.2	5.04	1159201	trial	n/a
1159.354	0.001	1159355	Stimulus	221
1161.07	0.001	1161071	Stimulus	26
1164.24	5.04	1164241	trial	n/a
1164.394	0.001	1164395	Stimulus	221
1166.11	0.001	1166111	Stimulus	16
1169.28	5.04	1169281	trial	n/a
1169.416	0.001	1169417	Stimulus	221
1171.15	0.001	1171151	Stimulus	109
1174.32	5.04	1174321	trial	n/a
1174.474	0.001	1174475	Stimulus	221
1176.19	0.001	1176191	Stimulus	107
1179.36	5.04	1179361	trial	n/a
1179.513	0.001	1179514	Stimulus	221
1181.23	0.001	1181231	Stimulus	11
1184.4	5.04	1184401	trial	n/a
1184.537	0.001	1184538	Stimulus	221
1186.27	0.001	1186271	Stimulus	102
1189.44	5.04	1189441	trial	n/a
1189.593	0.001	1189594	Stimulus	221
1191.31	0.001	1191311	Stimulus	12
1194.48	5.04	1194481	trial	n/a
1194.633	0.001	1194634	Stimulus	221
1196.35	0.001	1196351	Stimulus	110
1199.52	5.04	1199521	trial	n/a
1199.673	0.001	1199674	Stimulus	221
1201.39	0.001	1201391	Stimulus	103
1204.56	5.04	1204561	trial	n/a
1204.713	0.001	1204714	Stimulus	221
1206.43	0.001	1206431	Stimulus	13
1209.6	5.04	1209601	trial	n/a
1209.72	0.001	1209721	Stimulus	221
1211.47	0.001	1211471	Stimulus	17
1214.64	5.04	1214641	trial	n/a
1214.794	0.001	1214795	Stimulus	221
1216.51	0.001	1216511	Stimulus	105
1219.68	5.04	1219681	trial	n/a
1219.817	0.001	1219818	Stimulus	221
1221.55	0.001	1221551	Stimulus	104
1224.72	5.04	1224721	trial	n/a
1224.873	0.001	1224874	Stimulus	221
1226.59	0.001	1226591	Stimulus	101
1229.76	5.04	1229761	trial	n/a
1229.913	0.001	1229914	Stimulus	221
1231.63	0.001	1231631	Stimulus	20
1234.8	5.04	1234801	trial	n/a
1234.953	0.001	1234954	Stimulus	221
1236.67	0.001	1236671	Stimulus	19
1239.84	5.04	1239841	trial	n/a
1239.993	0.001	1239994	Stimulus	221
1241.71	0.001	1241711	Stimulus	14
1244.88	5.04	1244881	trial	n/a
1245.033	0.001	1245034	Stimulus	221
1246.75	0.001	1246751	Stimulus	108
1249.92	5.04	1249921	trial	n/a
1250.073	0.001	1250074	Stimulus	221
1251.79	0.001	1251791	Stimulus	18
1254.96	5.04	1254961	trial	n/a
1255.113	0.001	1255114	Stimulus	221
1256.83	0.001	1256831	Stimulus	106
1260	5.04	1260001	trial	n/a
1260.153	0.001	1260154	Stimulus	221
1261.87	0.001	1261871	Stimulus	21
1265.04	5.04	1265041	trial	n/a
1265.194	0.001	1265195	Stimulus	221
1266.91	0.001	1266911	Stimulus	15
1270.08	5.04	1270081	trial	n/a
1271.95	0.001	1271951	Stimulus	111
1275.12	5.04	1275121	trial	n/a
1276.99	0.001	1276991	Stimulus	8
1280.16	5.04	1280161	trial	n/a
1282.03	0.001	1282031	Stimulus	10
1285.2	5.04	1285201	trial	n/a
1287.07	0.001	1287071	Stimulus	121
1290.24	5.04	1290241	trial	n/a
1292.11	0.001	1292111	Stimulus	4
1295.28	5.04	1295281	trial	n/a
1297.15	0.001	1297151	Stimulus	6
1300.32	5.04	1300321	trial	n/a
1302.19	0.001	1302191	Stimulus	119
1305.36	5.04	1305361	trial	n/a
1307.23	0.001	1307231	Stimulus	112
1310.4	5.04	1310401	trial	n/a
1312.27	0.001	1312271	Stimulus	117
1315.44	5.04	1315441	trial	n/a
1317.31	0.001	1317311	Stimulus	5
1320.48	5.04	1320481	trial	n/a
1322.35	0.001	1322351	Stimulus	2
1325.52	5.04	1325521	trial	n/a
1327.39	0.001	1327391	Stimulus	113
1330.56	5.04	1330561	trial	n/a
1332.43	0.001	1332431	Stimulus	115
1335.6	5.04	1335601	trial	n/a
1337.47	0.001	1337471	Stimulus	9
1340.64	5.04	1340641	trial	n/a
1342.51	0.001	1342511	Stimulus	7
1345.68	5.04	1345681	trial	n/a
1347.55	0.001	1347551	Stimulus	120
1350.72	5.04	1350721	trial	n/a
1352.59	0.001	1352591	Stimulus	1
1355.76	5.04	1355761	trial	n/a
1357.63	0.001	1357631	Stimulus	116
1360.8	5.04	1360801	trial	n/a
1362.67	0.001	1362671	Stimulus	118
1365.84	5.04	1365841	trial	n/a
1367.71	0.001	1367711	Stimulus	3
1370.88	5.04	1370881	trial	n/a
1372.75	0.001	1372751	Stimulus	114
1375.92	5.04	1375921	trial	n/a
1377.79	0.001	1377791	Stimulus	23
1380.96	5.04	1380961	trial	n/a
1382.83	0.001	1382831	Stimulus	27
1386	5.04	1386001	trial	n/a
1387.87	0.001	1387871	Stimulus	135
1391.04	5.04	1391041	trial	n/a
1392.91	0.001	1392911	Stimulus	29
1396.08	5.04	1396081	trial	n/a
1397.95	0.001	1397951	Stimulus	28
1401.12	5.04	1401121	trial	n/a
1402.99	0.001	1402991	Stimulus	136
1406.16	5.04	1406161	trial	n/a
1408.03	0.001	1408031	Stimulus	139
1411.2	5.04	1411201	trial	n/a
1413.07	0.001	1413071	Stimulus	140
1416.24	5.04	1416241	trial	n/a
1418.11	0.001	1418111	Stimulus	25
1421.28	5.04	1421281	trial	n/a
1423.15	0.001	1423151	Stimulus	138
1426.32	5.04	1426321	trial	n/a
1428.19	0.001	1428191	Stimulus	30
1431.36	5.04	1431361	trial	n/a
1433.23	0.001	1433231	Stimulus	142
1436.4	5.04	1436401	trial	n/a
1438.27	0.001	1438271	Stimulus	24
1441.44	5.04	1441441	trial	n/a
1443.31	0.001	1443311	Stimulus	31
1446.48	5.04	1446481	trial	n/a
1448.35	0.001	1448351	Stimulus	32
1451.52	5.04	1451521	trial	n/a
1453.39	0.001	1453391	Stimulus	137
1456.56	5.04	1456561	trial	n/a
1458.43	0.001	1458431	Stimulus	134
1461.6	5.04	1461601	trial	n/a
1463.47	0.001	1463471	Stimulus	141
1466.64	5.04	1466641	trial	n/a
1468.51	0.001	1468511	Stimulus	22
1471.68	5.04	1471681	trial	n/a
1473.55	0.001	1473551	Stimulus	26
1476.72	5.04	1476721	trial	n/a
1478.59	0.001	1478591	Stimulus	133
1481.76	5.04	1481761	trial	n/a
1483.63	0.001	1483631	Stimulus	20
1486.8	5.04	1486801	trial	n/a
1488.67	0.001	1488671	Stimulus	106
1491.84	5.04	1491841	trial	n/a
1493.71	0.001	1493711	Stimulus	103
1496.88	5.04	1496881	trial	n/a
1498.75	0.001	1498751	Stimulus	13
1501.92	5.04	1501921	trial	n/a
1503.79	0.001	1503791	Stimulus	110
1506.96	5.04	1506961	trial	n/a
1508.83	0.001	1508831	Stimulus	16
1512	5.04	1512001	trial	n/a
1513.87	0.001	1513871	Stimulus	12
1517.04	5.04	1517041	trial	n/a
1518.91	0.001	1518911	Stimulus	104
1522.08	5.04	1522081	trial	n/a
1523.95	0.001	1523951	Stimulus	18
1527.12	5.04	1527121	trial	n/a
1528.99	0.001	1528991	Stimulus	21
1532.16	5.04	1532161	trial	n/a
1534.03	0.001	1534031	Stimulus	105
1537.2	5.04	1537201	trial	n/a
1539.07	0.001	1539071	Stimulus	11
1542.24	5.04	1542241	trial	n/a
1544.11	0.001	1544111	Stimulus	109
1547.28	5.04	1547281	trial	n/a
1549.15	0.001	1549151	Stimulus	108
1552.32	5.04	1552321	trial	n/a
1554.19	0.001	1554191	Stimulus	14
1557.36	5.04	1557361	trial	n/a
1559.23	0.001	1559231	Stimulus	107
1562.4	5.04	1562401	trial	n/a
1564.27	0.001	1564271	Stimulus	17
1567.44	5.04	1567441	trial	n/a
1569.31	0.001	1569311	Stimulus	102
1572.48	5.04	1572481	trial	n/a
1574.35	0.001	1574351	Stimulus	101
1577.52	5.04	1577521	trial	n/a
1579.39	0.001	1579391	Stimulus	19
1582.56	5.04	1582561	trial	n/a
1584.43	0.001	1584431	Stimulus	15
1587.6	5.04	1587601	trial	n/a
1589.47	0.001	1589471	Stimulus	131
1592.64	5.04	1592641	trial	n/a
1594.51	0.001	1594511	Stimulus	122
1597.68	5.04	1597681	trial	n/a
1599.55	0.001	1599551	Stimulus	33
1602.72	5.04	1602721	trial	n/a
1604.59	0.001	1604591	Stimulus	40
1607.76	5.04	1607761	trial	n/a
1609.63	0.001	1609631	Stimulus	41
1612.8	5.04	1612801	trial	n/a
1614.67	0.001	1614671	Stimulus	128
1617.84	5.04	1617841	trial	n/a
1619.71	0.001	1619711	Stimulus	130
1622.88	5.04	1622881	trial	n/a
1624.75	0.001	1624751	Stimulus	42
1627.92	5.04	1627921	trial	n/a
1629.79	0.001	1629791	Stimulus	35
1632.96	5.04	1632961	trial	n/a
1634.83	0.001	1634831	Stimulus	132
1638	5.04	1638001	trial	n/a
1639.87	0.001	1639871	Stimulus	129
1643.04	5.04	1643041	trial	n/a
1644.91	0.001	1644911	Stimulus	38
1648.08	5.04	1648081	trial	n/a
1649.95	0.001	1649951	Stimulus	127
1653.12	5.04	1653121	trial	n/a
1654.99	0.001	1654991	Stimulus	125
1658.16	5.04	1658161	trial	n/a
1660.03	0.001	1660031	Stimulus	37
1663.2	5.04	1663201	trial	n/a
1665.07	0.001	1665071	Stimulus	124
1668.24	5.04	1668241	trial	n/a
1670.11	0.001	1670111	Stimulus	123
1673.28	5.04	1673281	trial	n/a
1675.15	0.001	1675151	Stimulus	126
1678.32	5.04	1678321	trial	n/a
1680.19	0.001	1680191	Stimulus	39
1683.36	5.04	1683361	trial	n/a
1685.23	0.001	1685231	Stimulus	36
1688.4	5.04	1688401	trial	n/a
1690.27	0.001	1690271	Stimulus	34
